product_id,product_group
1407,Other
1673,Other
1687,Other
1709,Other
1743,Other
1754,Other
2052,Other
2111,Other
2116,Other
2122,Other
2124,Other
2257,Other
9938,Other
10082,Other
10351,Other
10471,Other
11261,Other
11541,Other
11542,Other
12520,Other
12521,Other
13774,Other
14712,Other
14808,Other
14811,Other
17415,Other
17430,Other
17472,Other
21883,Other
21902,Other
21952,Other
21954,Other
22005,Other
22038,Other
1324,Category 1
1326,Category 1
1412,Category 1
1458,Category 1
1473,Category 1
1799,Category 1
1815,Category 1
2079,Category 1
2082,Category 1
2089,Category 1
2091,Category 1
2092,Category 1
2098,Category 1
2099,Category 1
2120,Category 1
2138,Category 1
2170,Category 1
7407,Category 1
8036,Category 1
8475,Category 1
8535,Category 1
8536,Category 1
8539,Category 1
8543,Category 1
8544,Category 1
9500,Category 1
9508,Category 1
9608,Category 1
9614,Category 1
9740,Category 1
9741,Category 1
9749,Category 1
9766,Category 1
9771,Category 1
9808,Category 1
9823,Category 1
9827,Category 1
9828,Category 1
9838,Category 1
9845,Category 1
9853,Category 1
10033,Category 1
10035,Category 1
10140,Category 1
10146,Category 1
10157,Category 1
10296,Category 1
10297,Category 1
10307,Category 1
10361,Category 1
10397,Category 1
10440,Category 1
10526,Category 1
10584,Category 1
10592,Category 1
10692,Category 1
10698,Category 1
11109,Category 1
11111,Category 1
11594,Category 1
12368,Category 1
12517,Category 1
12544,Category 1
12806,Category 1
13459,Category 1
13568,Category 1
13576,Category 1
13644,Category 1
13652,Category 1
13675,Category 1
13818,Category 1
14183,Category 1
14219,Category 1
14868,Category 1
17347,Category 1
17391,Category 1
18727,Category 1
18768,Category 1
18912,Category 1
19049,Category 1
19072,Category 1
19073,Category 1
19085,Category 1
19086,Category 1
19105,Category 1
19114,Category 1
19130,Category 1
19151,Category 1
19237,Category 1
21551,Category 1
21983,Category 1
1418,Other
1431,Other
2041,Other
2072,Other
2136,Other
2141,Other
2242,Other
2264,Other
2265,Other
2266,Other
2269,Other
2271,Other
2276,Other
2277,Other
2278,Other
2279,Other
2280,Other
2282,Other
2284,Other
2285,Other
292,Category 2
441,Category 2
605,Category 2
662,Category 2
663,Category 2
665,Category 2
669,Category 2
671,Category 2
1145,Category 2
1149,Category 2
1382,Category 2
1388,Category 2
2035,Category 2
2176,Category 2
2180,Category 2
2181,Category 2
2183,Category 2
2184,Category 2
2185,Category 2
2186,Category 2
2187,Category 2
2188,Category 2
2191,Category 2
2731,Category 2
2735,Category 2
2736,Category 2
4506,Category 2
4508,Category 2
4509,Category 2
4510,Category 2
4511,Category 2
4515,Category 2
4516,Category 2
4518,Category 2
4596,Category 2
4601,Category 2
4603,Category 2
4605,Category 2
5800,Category 2
6158,Category 2
6159,Category 2
6160,Category 2
6203,Category 2
7452,Category 2
7453,Category 2
7455,Category 2
7458,Category 2
8056,Category 2
8057,Category 2
8059,Category 2
8378,Category 2
9357,Category 2
9361,Category 2
9363,Category 2
9366,Category 2
9586,Category 2
9590,Category 2
11087,Category 2
11089,Category 2
11091,Category 2
11094,Category 2
11104,Category 2
11920,Category 2
13007,Category 2
13031,Category 2
13032,Category 2
13085,Category 2
13087,Category 2
13092,Category 2
13118,Category 2
13927,Category 2
13928,Category 2
14247,Category 2
14249,Category 2
14250,Category 2
14251,Category 2
14256,Category 2
14270,Category 2
14271,Category 2
14272,Category 2
14276,Category 2
14279,Category 2
14280,Category 2
14281,Category 2
14284,Category 2
14285,Category 2
14287,Category 2
14289,Category 2
14294,Category 2
14298,Category 2
14302,Category 2
14306,Category 2
14315,Category 2
14326,Category 2
14329,Category 2
14333,Category 2
14334,Category 2
14337,Category 2
14339,Category 2
14344,Category 2
14346,Category 2
14348,Category 2
14349,Category 2
14354,Category 2
14362,Category 2
14363,Category 2
14366,Category 2
14369,Category 2
14370,Category 2
14375,Category 2
14376,Category 2
14379,Category 2
14382,Category 2
14383,Category 2
14385,Category 2
14388,Category 2
14390,Category 2
14392,Category 2
14398,Category 2
14403,Category 2
14408,Category 2
14409,Category 2
14410,Category 2
14411,Category 2
14412,Category 2
14414,Category 2
14415,Category 2
14417,Category 2
14424,Category 2
14430,Category 2
14431,Category 2
14433,Category 2
14436,Category 2
14438,Category 2
14440,Category 2
14441,Category 2
14442,Category 2
14444,Category 2
14446,Category 2
14452,Category 2
14454,Category 2
14456,Category 2
14457,Category 2
14458,Category 2
15336,Category 2
15905,Category 2
16174,Category 2
16178,Category 2
16181,Category 2
16198,Category 2
16199,Category 2
16207,Category 2
16208,Category 2
16210,Category 2
16211,Category 2
16213,Category 2
16214,Category 2
16222,Category 2
16224,Category 2
16399,Category 2
16411,Category 2
17237,Category 2
17241,Category 2
17242,Category 2
17355,Category 2
17815,Category 2
17817,Category 2
17822,Category 2
17823,Category 2
17825,Category 2
17827,Category 2
18649,Category 2
18650,Category 2
18653,Category 2
18654,Category 2
18655,Category 2
18656,Category 2
18668,Category 2
18687,Category 2
18712,Category 2
18714,Category 2
19245,Category 2
19246,Category 2
19556,Category 2
19567,Category 2
19615,Category 2
19617,Category 2
22283,Category 2
36,Category 3
49,Category 3
53,Category 3
55,Category 3
56,Category 3
58,Category 3
62,Category 3
64,Category 3
65,Category 3
67,Category 3
68,Category 3
70,Category 3
73,Category 3
74,Category 3
78,Category 3
79,Category 3
80,Category 3
81,Category 3
84,Category 3
85,Category 3
87,Category 3
89,Category 3
93,Category 3
94,Category 3
95,Category 3
96,Category 3
97,Category 3
100,Category 3
119,Category 3
121,Category 3
122,Category 3
123,Category 3
124,Category 3
125,Category 3
126,Category 3
128,Category 3
129,Category 3
134,Category 3
139,Category 3
143,Category 3
145,Category 3
150,Category 3
151,Category 3
153,Category 3
154,Category 3
197,Category 3
201,Category 3
204,Category 3
205,Category 3
207,Category 3
212,Category 3
222,Category 3
242,Category 3
247,Category 3
287,Category 3
329,Category 3
397,Category 3
398,Category 3
399,Category 3
415,Category 3
416,Category 3
417,Category 3
423,Category 3
424,Category 3
428,Category 3
432,Category 3
433,Category 3
435,Category 3
438,Category 3
443,Category 3
468,Category 3
471,Category 3
475,Category 3
514,Category 3
525,Category 3
587,Category 3
634,Category 3
715,Category 3
716,Category 3
717,Category 3
824,Category 3
1027,Category 3
1046,Category 3
1108,Category 3
1165,Category 3
1166,Category 3
1236,Category 3
1268,Category 3
1283,Category 3
1335,Category 3
1688,Category 3
1690,Category 3
1693,Category 3
1694,Category 3
1696,Category 3
1719,Category 3
1729,Category 3
1744,Category 3
1749,Category 3
1858,Category 3
1859,Category 3
1860,Category 3
1866,Category 3
1867,Category 3
1875,Category 3
1877,Category 3
1878,Category 3
1916,Category 3
1933,Category 3
1996,Category 3
1997,Category 3
1998,Category 3
2000,Category 3
2002,Category 3
2003,Category 3
2004,Category 3
2007,Category 3
2011,Category 3
2012,Category 3
2016,Category 3
2017,Category 3
2024,Category 3
2121,Category 3
2140,Category 3
2149,Category 3
2151,Category 3
15265,Category 3
15276,Category 3
15278,Category 3
15280,Category 3
15288,Category 3
15289,Category 3
15298,Category 3
15307,Category 3
15314,Category 3
15587,Category 3
15588,Category 3
15589,Category 3
16149,Category 3
16231,Category 3
16464,Category 3
16467,Category 3
16468,Category 3
16471,Category 3
16472,Category 3
16479,Category 3
17142,Category 3
17151,Category 3
17153,Category 3
21812,Category 3
21813,Category 3
21830,Category 3
22040,Category 3
22041,Category 3
22042,Category 3
22076,Category 3
22078,Category 3
22129,Category 3
22287,Category 3
22289,Category 3
22293,Category 3
21795,Other
21796,Other
21804,Other
21805,Other
131,Category 4
169,Category 4
173,Category 4
195,Category 4
214,Category 4
226,Category 4
233,Category 4
244,Category 4
274,Category 4
280,Category 4
284,Category 4
285,Category 4
445,Category 4
543,Category 4
544,Category 4
594,Category 4
637,Category 4
777,Category 4
780,Category 4
786,Category 4
804,Category 4
835,Category 4
844,Category 4
848,Category 4
1186,Category 4
1187,Category 4
1195,Category 4
1204,Category 4
1210,Category 4
1212,Category 4
1221,Category 4
1224,Category 4
1225,Category 4
1229,Category 4
1230,Category 4
1264,Category 4
1304,Category 4
1305,Category 4
1387,Category 4
1513,Category 4
1531,Category 4
1627,Category 4
1701,Category 4
1702,Category 4
1703,Category 4
1884,Category 4
1885,Category 4
2030,Category 4
2032,Category 4
2075,Category 4
2078,Category 4
2202,Category 4
2540,Category 4
2694,Category 4
2700,Category 4
2701,Category 4
2702,Category 4
2704,Category 4
2828,Category 4
2891,Category 4
2997,Category 4
3162,Category 4
3268,Category 4
3390,Category 4
3562,Category 4
3643,Category 4
3913,Category 4
3984,Category 4
3986,Category 4
4697,Category 4
4764,Category 4
4767,Category 4
4782,Category 4
4786,Category 4
4872,Category 4
5145,Category 4
5146,Category 4
5147,Category 4
6162,Category 4
6168,Category 4
6172,Category 4
6492,Category 4
6608,Category 4
6703,Category 4
7112,Category 4
7814,Category 4
7815,Category 4
8102,Category 4
8224,Category 4
8271,Category 4
8272,Category 4
8274,Category 4
8285,Category 4
8455,Category 4
8461,Category 4
8913,Category 4
9109,Category 4
9110,Category 4
9113,Category 4
9115,Category 4
9211,Category 4
9368,Category 4
9370,Category 4
9555,Category 4
9574,Category 4
9575,Category 4
9576,Category 4
9918,Category 4
9948,Category 4
10091,Category 4
10093,Category 4
10095,Category 4
10097,Category 4
10098,Category 4
10400,Category 4
10569,Category 4
10790,Category 4
10801,Category 4
10802,Category 4
10845,Category 4
10859,Category 4
10860,Category 4
11196,Category 4
11521,Category 4
11616,Category 4
11617,Category 4
11990,Category 4
12055,Category 4
12241,Category 4
12285,Category 4
12313,Category 4
12333,Category 4
12510,Category 4
12511,Category 4
12512,Category 4
12513,Category 4
12516,Category 4
12931,Category 4
12952,Category 4
13067,Category 4
13126,Category 4
13138,Category 4
13240,Category 4
13333,Category 4
13415,Category 4
13420,Category 4
13421,Category 4
13439,Category 4
13441,Category 4
13505,Category 4
13602,Category 4
13684,Category 4
13723,Category 4
13732,Category 4
13765,Category 4
13937,Category 4
14623,Category 4
14792,Category 4
16122,Category 4
16133,Category 4
17962,Category 4
18427,Category 4
18428,Category 4
18440,Category 4
18445,Category 4
18447,Category 4
20619,Category 4
20693,Category 4
20714,Category 4
20761,Category 4
20765,Category 4
20766,Category 4
20779,Category 4
20787,Category 4
20789,Category 4
20802,Category 4
20835,Category 4
20837,Category 4
20850,Category 4
20862,Category 4
20874,Category 4
20875,Category 4
20885,Category 4
20890,Category 4
20911,Category 4
20973,Category 4
20974,Category 4
20975,Category 4
21020,Category 4
21033,Category 4
21044,Category 4
21070,Category 4
21072,Category 4
21140,Category 4
21169,Category 4
21180,Category 4
21190,Category 4
21233,Category 4
21278,Category 4
21284,Category 4
21321,Category 4
21328,Category 4
21332,Category 4
21338,Category 4
21340,Category 4
21343,Category 4
21344,Category 4
21372,Category 4
21403,Category 4
21424,Category 4
21441,Category 4
21450,Category 4
21461,Category 4
21603,Category 4
21666,Category 4
21887,Category 4
22054,Category 4
22077,Category 4
22106,Category 4
22107,Category 4
22112,Category 4
22125,Category 4
22153,Category 4
22224,Category 4
22241,Category 4
22347,Category 4
22348,Category 4
22349,Category 4
22350,Category 4
101,Other
113,Other
1144,Other
5206,Other
6529,Other
6530,Other
8007,Other
9557,Other
10729,Other
13021,Other
13591,Other
13842,Other
14706,Other
15445,Other
16169,Other
17748,Other
18349,Other
19504,Other
19510,Other
19621,Other
19638,Other
19639,Other
21288,Other
52,Category 5
333,Category 5
334,Category 5
446,Category 5
510,Category 5
726,Category 5
785,Category 5
1416,Category 5
1432,Category 5
3019,Category 5
3020,Category 5
3021,Category 5
3022,Category 5
3023,Category 5
3603,Category 5
3604,Category 5
4772,Category 5
4774,Category 5
4775,Category 5
4776,Category 5
4778,Category 5
6200,Category 5
6535,Category 5
6613,Category 5
6857,Category 5
7071,Category 5
7371,Category 5
7469,Category 5
7726,Category 5
7765,Category 5
7903,Category 5
7904,Category 5
8004,Category 5
8700,Category 5
11260,Category 5
11457,Category 5
12082,Category 5
12108,Category 5
12364,Category 5
12365,Category 5
12454,Category 5
12982,Category 5
12984,Category 5
13519,Category 5
13521,Category 5
13523,Category 5
13569,Category 5
13572,Category 5
13573,Category 5
13674,Category 5
14044,Category 5
14075,Category 5
14082,Category 5
14604,Category 5
14788,Category 5
14789,Category 5
15060,Category 5
15113,Category 5
16167,Category 5
16286,Category 5
16358,Category 5
16359,Category 5
16361,Category 5
16362,Category 5
16375,Category 5
17743,Category 5
17744,Category 5
18459,Category 5
18460,Category 5
18493,Category 5
18518,Category 5
19361,Category 5
19376,Category 5
19429,Category 5
19449,Category 5
20614,Category 5
21901,Category 5
127,Category 6
130,Category 6
132,Category 6
199,Category 6
208,Category 6
216,Category 6
223,Category 6
227,Category 6
338,Category 6
340,Category 6
352,Category 6
390,Category 6
405,Category 6
409,Category 6
436,Category 6
610,Category 6
613,Category 6
620,Category 6
774,Category 6
815,Category 6
816,Category 6
817,Category 6
822,Category 6
827,Category 6
830,Category 6
831,Category 6
832,Category 6
837,Category 6
1239,Category 6
1242,Category 6
1285,Category 6
1321,Category 6
1322,Category 6
1333,Category 6
1337,Category 6
1341,Category 6
1371,Category 6
1373,Category 6
1391,Category 6
1392,Category 6
1393,Category 6
1409,Category 6
1410,Category 6
1411,Category 6
1667,Category 6
1668,Category 6
1669,Category 6
1670,Category 6
1671,Category 6
1759,Category 6
1809,Category 6
1810,Category 6
1831,Category 6
1910,Category 6
2100,Category 6
2102,Category 6
2104,Category 6
2195,Category 6
2232,Category 6
2466,Category 6
2489,Category 6
2509,Category 6
2677,Category 6
2778,Category 6
2779,Category 6
2780,Category 6
2782,Category 6
2786,Category 6
2787,Category 6
2788,Category 6
2789,Category 6
2829,Category 6
2830,Category 6
2831,Category 6
2924,Category 6
2925,Category 6
3174,Category 6
3175,Category 6
3245,Category 6
3280,Category 6
3281,Category 6
3321,Category 6
3366,Category 6
3373,Category 6
3572,Category 6
3597,Category 6
3612,Category 6
3972,Category 6
4683,Category 6
4693,Category 6
4695,Category 6
4696,Category 6
4700,Category 6
4702,Category 6
4720,Category 6
4722,Category 6
4725,Category 6
4745,Category 6
4747,Category 6
4749,Category 6
4814,Category 6
4824,Category 6
4836,Category 6
4875,Category 6
5221,Category 6
5245,Category 6
5261,Category 6
5263,Category 6
5265,Category 6
5266,Category 6
5267,Category 6
5268,Category 6
5269,Category 6
5270,Category 6
5286,Category 6
6174,Category 6
6284,Category 6
6285,Category 6
6459,Category 6
6531,Category 6
6536,Category 6
6716,Category 6
6717,Category 6
6724,Category 6
6903,Category 6
6904,Category 6
6905,Category 6
6906,Category 6
6908,Category 6
7165,Category 6
7166,Category 6
7167,Category 6
7168,Category 6
7181,Category 6
7182,Category 6
7183,Category 6
7185,Category 6
7213,Category 6
7317,Category 6
7318,Category 6
7320,Category 6
7321,Category 6
7324,Category 6
7637,Category 6
7721,Category 6
7722,Category 6
7723,Category 6
7724,Category 6
7725,Category 6
7990,Category 6
7991,Category 6
7992,Category 6
8201,Category 6
8249,Category 6
8330,Category 6
8332,Category 6
8554,Category 6
8585,Category 6
8613,Category 6
8614,Category 6
8624,Category 6
8625,Category 6
8626,Category 6
8660,Category 6
8661,Category 6
8710,Category 6
8711,Category 6
8796,Category 6
8798,Category 6
9104,Category 6
9105,Category 6
9415,Category 6
9640,Category 6
10119,Category 6
10256,Category 6
10792,Category 6
11401,Category 6
11487,Category 6
11488,Category 6
11489,Category 6
11516,Category 6
11517,Category 6
11518,Category 6
11742,Category 6
11745,Category 6
11747,Category 6
11748,Category 6
11754,Category 6
11757,Category 6
11760,Category 6
11777,Category 6
11957,Category 6
11978,Category 6
11979,Category 6
11980,Category 6
11984,Category 6
12021,Category 6
12058,Category 6
12406,Category 6
12441,Category 6
12461,Category 6
12870,Category 6
12872,Category 6
12873,Category 6
12874,Category 6
13417,Category 6
13423,Category 6
13517,Category 6
13558,Category 6
13562,Category 6
13665,Category 6
13784,Category 6
13785,Category 6
13799,Category 6
13800,Category 6
13801,Category 6
14012,Category 6
14177,Category 6
14643,Category 6
14692,Category 6
14693,Category 6
14694,Category 6
14770,Category 6
14772,Category 6
14774,Category 6
14781,Category 6
14800,Category 6
14807,Category 6
14855,Category 6
15086,Category 6
15087,Category 6
15095,Category 6
15105,Category 6
16253,Category 6
16381,Category 6
16391,Category 6
16392,Category 6
17325,Category 6
17378,Category 6
17482,Category 6
17499,Category 6
17502,Category 6
17503,Category 6
17519,Category 6
17578,Category 6
17591,Category 6
17597,Category 6
17762,Category 6
17771,Category 6
17779,Category 6
18373,Category 6
18400,Category 6
18415,Category 6
18570,Category 6
18584,Category 6
19365,Category 6
19563,Category 6
19599,Category 6
21587,Category 6
21855,Category 6
21906,Category 6
21960,Category 6
21965,Category 6
21967,Category 6
21968,Category 6
21969,Category 6
21970,Category 6
21978,Category 6
22333,Category 6
22334,Category 6
22335,Category 6
22338,Category 6
22342,Category 6
22357,Category 6
22358,Category 6
22359,Category 6
664,Category 7
667,Category 7
947,Category 7
996,Category 7
1022,Category 7
1107,Category 7
1109,Category 7
1113,Category 7
1115,Category 7
1116,Category 7
1119,Category 7
1172,Category 7
1190,Category 7
1215,Category 7
1329,Category 7
1330,Category 7
1331,Category 7
1364,Category 7
1368,Category 7
1404,Category 7
1460,Category 7
1461,Category 7
1462,Category 7
1464,Category 7
1465,Category 7
1466,Category 7
1468,Category 7
1476,Category 7
1873,Category 7
1874,Category 7
2064,Category 7
2065,Category 7
2274,Category 7
2275,Category 7
2663,Category 7
2664,Category 7
2665,Category 7
2906,Category 7
9216,Category 7
9217,Category 7
9384,Category 7
9385,Category 7
9387,Category 7
9389,Category 7
9390,Category 7
9391,Category 7
9399,Category 7
9418,Category 7
9529,Category 7
9530,Category 7
9531,Category 7
10779,Category 7
10780,Category 7
10781,Category 7
10864,Category 7
10885,Category 7
10887,Category 7
10896,Category 7
10900,Category 7
10901,Category 7
10904,Category 7
10907,Category 7
12950,Category 7
12951,Category 7
13018,Category 7
13065,Category 7
13566,Category 7
19461,Category 7
19480,Category 7
21307,Category 7
21473,Category 7
21475,Category 7
21477,Category 7
21479,Category 7
21480,Category 7
21481,Category 7
21482,Category 7
21483,Category 7
21783,Category 7
21785,Category 7
3247,Other
7633,Other
12993,Other
14208,Other
17328,Other
614,Other
616,Other
1279,Other
1284,Other
2037,Other
2038,Other
2040,Other
9079,Other
9393,Other
10756,Other
10760,Other
10766,Other
11146,Other
11147,Other
11153,Other
11155,Other
11156,Other
13154,Other
13194,Other
13211,Other
13236,Other
13283,Other
13308,Other
13311,Other
13319,Other
13327,Other
13331,Other
13380,Other
13471,Other
13474,Other
13490,Other
13608,Other
13619,Other
13788,Other
27439,Other
861,Other
2026,Other
32,Category 8
117,Category 8
120,Category 8
133,Category 8
135,Category 8
136,Category 8
138,Category 8
140,Category 8
141,Category 8
144,Category 8
147,Category 8
152,Category 8
155,Category 8
156,Category 8
157,Category 8
159,Category 8
160,Category 8
161,Category 8
163,Category 8
164,Category 8
165,Category 8
166,Category 8
167,Category 8
168,Category 8
170,Category 8
171,Category 8
172,Category 8
174,Category 8
175,Category 8
176,Category 8
178,Category 8
180,Category 8
181,Category 8
182,Category 8
183,Category 8
184,Category 8
185,Category 8
186,Category 8
188,Category 8
192,Category 8
202,Category 8
206,Category 8
210,Category 8
211,Category 8
215,Category 8
217,Category 8
218,Category 8
219,Category 8
220,Category 8
221,Category 8
230,Category 8
232,Category 8
236,Category 8
239,Category 8
240,Category 8
241,Category 8
253,Category 8
254,Category 8
255,Category 8
256,Category 8
257,Category 8
258,Category 8
261,Category 8
262,Category 8
264,Category 8
265,Category 8
266,Category 8
267,Category 8
268,Category 8
269,Category 8
270,Category 8
272,Category 8
276,Category 8
277,Category 8
278,Category 8
286,Category 8
289,Category 8
291,Category 8
294,Category 8
296,Category 8
297,Category 8
301,Category 8
304,Category 8
305,Category 8
308,Category 8
309,Category 8
310,Category 8
312,Category 8
313,Category 8
314,Category 8
315,Category 8
316,Category 8
318,Category 8
319,Category 8
320,Category 8
321,Category 8
322,Category 8
324,Category 8
325,Category 8
326,Category 8
327,Category 8
328,Category 8
330,Category 8
336,Category 8
337,Category 8
339,Category 8
341,Category 8
342,Category 8
343,Category 8
344,Category 8
345,Category 8
346,Category 8
347,Category 8
349,Category 8
350,Category 8
351,Category 8
354,Category 8
355,Category 8
356,Category 8
358,Category 8
359,Category 8
360,Category 8
362,Category 8
365,Category 8
366,Category 8
367,Category 8
368,Category 8
370,Category 8
371,Category 8
372,Category 8
373,Category 8
375,Category 8
376,Category 8
377,Category 8
378,Category 8
379,Category 8
380,Category 8
382,Category 8
383,Category 8
384,Category 8
385,Category 8
386,Category 8
388,Category 8
389,Category 8
391,Category 8
392,Category 8
393,Category 8
394,Category 8
395,Category 8
396,Category 8
401,Category 8
402,Category 8
404,Category 8
411,Category 8
412,Category 8
414,Category 8
418,Category 8
419,Category 8
420,Category 8
426,Category 8
440,Category 8
442,Category 8
444,Category 8
447,Category 8
448,Category 8
449,Category 8
450,Category 8
451,Category 8
452,Category 8
453,Category 8
455,Category 8
456,Category 8
457,Category 8
458,Category 8
459,Category 8
460,Category 8
461,Category 8
462,Category 8
463,Category 8
464,Category 8
465,Category 8
466,Category 8
467,Category 8
469,Category 8
470,Category 8
472,Category 8
474,Category 8
476,Category 8
477,Category 8
480,Category 8
482,Category 8
483,Category 8
486,Category 8
491,Category 8
492,Category 8
493,Category 8
495,Category 8
496,Category 8
497,Category 8
498,Category 8
499,Category 8
500,Category 8
502,Category 8
503,Category 8
504,Category 8
505,Category 8
508,Category 8
509,Category 8
511,Category 8
512,Category 8
513,Category 8
515,Category 8
517,Category 8
518,Category 8
519,Category 8
523,Category 8
526,Category 8
527,Category 8
528,Category 8
529,Category 8
530,Category 8
531,Category 8
532,Category 8
533,Category 8
534,Category 8
536,Category 8
538,Category 8
539,Category 8
540,Category 8
541,Category 8
542,Category 8
546,Category 8
547,Category 8
548,Category 8
550,Category 8
551,Category 8
552,Category 8
553,Category 8
555,Category 8
556,Category 8
557,Category 8
558,Category 8
559,Category 8
560,Category 8
561,Category 8
562,Category 8
563,Category 8
564,Category 8
565,Category 8
566,Category 8
567,Category 8
568,Category 8
569,Category 8
570,Category 8
571,Category 8
572,Category 8
573,Category 8
574,Category 8
575,Category 8
576,Category 8
577,Category 8
578,Category 8
581,Category 8
582,Category 8
583,Category 8
584,Category 8
585,Category 8
588,Category 8
590,Category 8
591,Category 8
593,Category 8
595,Category 8
596,Category 8
597,Category 8
598,Category 8
599,Category 8
600,Category 8
601,Category 8
602,Category 8
603,Category 8
604,Category 8
606,Category 8
607,Category 8
611,Category 8
612,Category 8
617,Category 8
618,Category 8
619,Category 8
621,Category 8
622,Category 8
624,Category 8
625,Category 8
626,Category 8
627,Category 8
628,Category 8
629,Category 8
630,Category 8
631,Category 8
632,Category 8
635,Category 8
636,Category 8
638,Category 8
639,Category 8
640,Category 8
641,Category 8
642,Category 8
643,Category 8
644,Category 8
645,Category 8
646,Category 8
647,Category 8
648,Category 8
649,Category 8
650,Category 8
651,Category 8
652,Category 8
653,Category 8
654,Category 8
655,Category 8
656,Category 8
657,Category 8
658,Category 8
659,Category 8
666,Category 8
668,Category 8
670,Category 8
672,Category 8
673,Category 8
675,Category 8
676,Category 8
677,Category 8
678,Category 8
680,Category 8
681,Category 8
682,Category 8
683,Category 8
685,Category 8
686,Category 8
687,Category 8
688,Category 8
689,Category 8
694,Category 8
696,Category 8
698,Category 8
699,Category 8
702,Category 8
703,Category 8
704,Category 8
705,Category 8
706,Category 8
707,Category 8
708,Category 8
709,Category 8
710,Category 8
711,Category 8
712,Category 8
713,Category 8
714,Category 8
718,Category 8
727,Category 8
728,Category 8
730,Category 8
731,Category 8
735,Category 8
736,Category 8
737,Category 8
740,Category 8
741,Category 8
742,Category 8
743,Category 8
746,Category 8
747,Category 8
748,Category 8
749,Category 8
750,Category 8
752,Category 8
753,Category 8
755,Category 8
757,Category 8
758,Category 8
760,Category 8
761,Category 8
764,Category 8
766,Category 8
767,Category 8
768,Category 8
770,Category 8
771,Category 8
772,Category 8
778,Category 8
779,Category 8
782,Category 8
784,Category 8
788,Category 8
794,Category 8
796,Category 8
799,Category 8
802,Category 8
805,Category 8
807,Category 8
811,Category 8
812,Category 8
813,Category 8
818,Category 8
819,Category 8
820,Category 8
821,Category 8
823,Category 8
825,Category 8
826,Category 8
834,Category 8
836,Category 8
838,Category 8
841,Category 8
842,Category 8
843,Category 8
845,Category 8
849,Category 8
853,Category 8
855,Category 8
856,Category 8
857,Category 8
862,Category 8
863,Category 8
864,Category 8
865,Category 8
866,Category 8
867,Category 8
868,Category 8
869,Category 8
870,Category 8
871,Category 8
872,Category 8
873,Category 8
874,Category 8
875,Category 8
876,Category 8
877,Category 8
878,Category 8
879,Category 8
880,Category 8
881,Category 8
882,Category 8
883,Category 8
884,Category 8
886,Category 8
887,Category 8
888,Category 8
889,Category 8
890,Category 8
891,Category 8
893,Category 8
894,Category 8
895,Category 8
896,Category 8
898,Category 8
899,Category 8
900,Category 8
901,Category 8
902,Category 8
903,Category 8
904,Category 8
905,Category 8
906,Category 8
907,Category 8
908,Category 8
909,Category 8
910,Category 8
911,Category 8
912,Category 8
913,Category 8
914,Category 8
915,Category 8
916,Category 8
917,Category 8
918,Category 8
919,Category 8
921,Category 8
922,Category 8
923,Category 8
924,Category 8
925,Category 8
926,Category 8
927,Category 8
929,Category 8
931,Category 8
932,Category 8
933,Category 8
934,Category 8
938,Category 8
940,Category 8
941,Category 8
942,Category 8
943,Category 8
944,Category 8
945,Category 8
948,Category 8
949,Category 8
950,Category 8
951,Category 8
952,Category 8
953,Category 8
954,Category 8
955,Category 8
956,Category 8
957,Category 8
959,Category 8
960,Category 8
961,Category 8
963,Category 8
964,Category 8
965,Category 8
966,Category 8
967,Category 8
968,Category 8
969,Category 8
970,Category 8
971,Category 8
972,Category 8
974,Category 8
976,Category 8
977,Category 8
978,Category 8
979,Category 8
981,Category 8
982,Category 8
983,Category 8
984,Category 8
985,Category 8
986,Category 8
987,Category 8
989,Category 8
990,Category 8
991,Category 8
992,Category 8
993,Category 8
995,Category 8
997,Category 8
998,Category 8
999,Category 8
1000,Category 8
1001,Category 8
1005,Category 8
1006,Category 8
1007,Category 8
1008,Category 8
1009,Category 8
1010,Category 8
1011,Category 8
1012,Category 8
1013,Category 8
1014,Category 8
1015,Category 8
1016,Category 8
1017,Category 8
1019,Category 8
1020,Category 8
1021,Category 8
1023,Category 8
1024,Category 8
1025,Category 8
1026,Category 8
1028,Category 8
1029,Category 8
1031,Category 8
1032,Category 8
1035,Category 8
1036,Category 8
1037,Category 8
1039,Category 8
1040,Category 8
1041,Category 8
1042,Category 8
1043,Category 8
1044,Category 8
1045,Category 8
1047,Category 8
1048,Category 8
1050,Category 8
1051,Category 8
1052,Category 8
1053,Category 8
1054,Category 8
1055,Category 8
1056,Category 8
1057,Category 8
1058,Category 8
1059,Category 8
1060,Category 8
1061,Category 8
1062,Category 8
1063,Category 8
1064,Category 8
1065,Category 8
1067,Category 8
1068,Category 8
1069,Category 8
1070,Category 8
1071,Category 8
1073,Category 8
1074,Category 8
1075,Category 8
1076,Category 8
1077,Category 8
1078,Category 8
1079,Category 8
1080,Category 8
1081,Category 8
1083,Category 8
1084,Category 8
1085,Category 8
1086,Category 8
1087,Category 8
1088,Category 8
1089,Category 8
1090,Category 8
1091,Category 8
1092,Category 8
1093,Category 8
1094,Category 8
1095,Category 8
1096,Category 8
1098,Category 8
1099,Category 8
1100,Category 8
1101,Category 8
1102,Category 8
1103,Category 8
1104,Category 8
1105,Category 8
1106,Category 8
1110,Category 8
1111,Category 8
1114,Category 8
1117,Category 8
1118,Category 8
1120,Category 8
1121,Category 8
1122,Category 8
1123,Category 8
1124,Category 8
1125,Category 8
1127,Category 8
1128,Category 8
1129,Category 8
1130,Category 8
1131,Category 8
1132,Category 8
1134,Category 8
1135,Category 8
1136,Category 8
1137,Category 8
1138,Category 8
1139,Category 8
1140,Category 8
1141,Category 8
1142,Category 8
1143,Category 8
1146,Category 8
1147,Category 8
1148,Category 8
1150,Category 8
1151,Category 8
1153,Category 8
1154,Category 8
1155,Category 8
1156,Category 8
1157,Category 8
1158,Category 8
1159,Category 8
1161,Category 8
1162,Category 8
1163,Category 8
1164,Category 8
1168,Category 8
1169,Category 8
1171,Category 8
1173,Category 8
1174,Category 8
1175,Category 8
1176,Category 8
1177,Category 8
1178,Category 8
1179,Category 8
1180,Category 8
1181,Category 8
1188,Category 8
1192,Category 8
1196,Category 8
1198,Category 8
1202,Category 8
1203,Category 8
1205,Category 8
1208,Category 8
1213,Category 8
1214,Category 8
1216,Category 8
1219,Category 8
1222,Category 8
1228,Category 8
1235,Category 8
1238,Category 8
1245,Category 8
1250,Category 8
1252,Category 8
1255,Category 8
1257,Category 8
1259,Category 8
1260,Category 8
1261,Category 8
1262,Category 8
1263,Category 8
1265,Category 8
1266,Category 8
1267,Category 8
1270,Category 8
1271,Category 8
1276,Category 8
1277,Category 8
1278,Category 8
1286,Category 8
1287,Category 8
1288,Category 8
1289,Category 8
1290,Category 8
1291,Category 8
1292,Category 8
1293,Category 8
1294,Category 8
1295,Category 8
1296,Category 8
1297,Category 8
1298,Category 8
1300,Category 8
1301,Category 8
1302,Category 8
1303,Category 8
1306,Category 8
1307,Category 8
1308,Category 8
1309,Category 8
1310,Category 8
1312,Category 8
1313,Category 8
1314,Category 8
1315,Category 8
1317,Category 8
1325,Category 8
1338,Category 8
1343,Category 8
1344,Category 8
1345,Category 8
1346,Category 8
1347,Category 8
1349,Category 8
1350,Category 8
1351,Category 8
1352,Category 8
1353,Category 8
1354,Category 8
1355,Category 8
1356,Category 8
1357,Category 8
1358,Category 8
1359,Category 8
1360,Category 8
1361,Category 8
1363,Category 8
1365,Category 8
1366,Category 8
1369,Category 8
1370,Category 8
1372,Category 8
1374,Category 8
1375,Category 8
1376,Category 8
1380,Category 8
1381,Category 8
1383,Category 8
1385,Category 8
1386,Category 8
1394,Category 8
1396,Category 8
1397,Category 8
1399,Category 8
1400,Category 8
1401,Category 8
1402,Category 8
1403,Category 8
1405,Category 8
1419,Category 8
1420,Category 8
1421,Category 8
1422,Category 8
1423,Category 8
1424,Category 8
1425,Category 8
1426,Category 8
1427,Category 8
1428,Category 8
1429,Category 8
1430,Category 8
1492,Category 8
1546,Category 8
1551,Category 8
1553,Category 8
1555,Category 8
1557,Category 8
1559,Category 8
1562,Category 8
1565,Category 8
1568,Category 8
1569,Category 8
1573,Category 8
1574,Category 8
1576,Category 8
1578,Category 8
1581,Category 8
1586,Category 8
1593,Category 8
1600,Category 8
1605,Category 8
1606,Category 8
1608,Category 8
1620,Category 8
1631,Category 8
1661,Category 8
1686,Category 8
1689,Category 8
1705,Category 8
1706,Category 8
1707,Category 8
1711,Category 8
1712,Category 8
1713,Category 8
1714,Category 8
1720,Category 8
1728,Category 8
1840,Category 8
1841,Category 8
1843,Category 8
1845,Category 8
1856,Category 8
2044,Category 8
2045,Category 8
2047,Category 8
2060,Category 8
2061,Category 8
2069,Category 8
2070,Category 8
2073,Category 8
2076,Category 8
2077,Category 8
2084,Category 8
2086,Category 8
2094,Category 8
2096,Category 8
2106,Category 8
2108,Category 8
2109,Category 8
2114,Category 8
2118,Category 8
2125,Category 8
2128,Category 8
2129,Category 8
2131,Category 8
2143,Category 8
2145,Category 8
2152,Category 8
2156,Category 8
2158,Category 8
2163,Category 8
2164,Category 8
2173,Category 8
2189,Category 8
2196,Category 8
2198,Category 8
2203,Category 8
2207,Category 8
2215,Category 8
2217,Category 8
2219,Category 8
2221,Category 8
2227,Category 8
2230,Category 8
2235,Category 8
2237,Category 8
2239,Category 8
2243,Category 8
2245,Category 8
2246,Category 8
2247,Category 8
2248,Category 8
2251,Category 8
2255,Category 8
2256,Category 8
2258,Category 8
2262,Category 8
2286,Category 8
2352,Category 8
2359,Category 8
2365,Category 8
2503,Category 8
2506,Category 8
2515,Category 8
2517,Category 8
2518,Category 8
2533,Category 8
2574,Category 8
2648,Category 8
2716,Category 8
2717,Category 8
2719,Category 8
2724,Category 8
2729,Category 8
2730,Category 8
2746,Category 8
2748,Category 8
2845,Category 8
2847,Category 8
2856,Category 8
2885,Category 8
2889,Category 8
2890,Category 8
2910,Category 8
2984,Category 8
2986,Category 8
2996,Category 8
3008,Category 8
3012,Category 8
3013,Category 8
3014,Category 8
3138,Category 8
3189,Category 8
3212,Category 8
3214,Category 8
3257,Category 8
3305,Category 8
3306,Category 8
3334,Category 8
3335,Category 8
3343,Category 8
3377,Category 8
3379,Category 8
3380,Category 8
3381,Category 8
3407,Category 8
3409,Category 8
3410,Category 8
3418,Category 8
3438,Category 8
3524,Category 8
3536,Category 8
3538,Category 8
3556,Category 8
3581,Category 8
3584,Category 8
3592,Category 8
3593,Category 8
3617,Category 8
3627,Category 8
3628,Category 8
3676,Category 8
3682,Category 8
3701,Category 8
3705,Category 8
3707,Category 8
3795,Category 8
3796,Category 8
3816,Category 8
3819,Category 8
3821,Category 8
3905,Category 8
3914,Category 8
4218,Category 8
4635,Category 8
4659,Category 8
4860,Category 8
5075,Category 8
5078,Category 8
5080,Category 8
5081,Category 8
5084,Category 8
5175,Category 8
5178,Category 8
5235,Category 8
5288,Category 8
5289,Category 8
5297,Category 8
5300,Category 8
5784,Category 8
5786,Category 8
5867,Category 8
5944,Category 8
6017,Category 8
6018,Category 8
6043,Category 8
6047,Category 8
6073,Category 8
6099,Category 8
6197,Category 8
6251,Category 8
6252,Category 8
6319,Category 8
6323,Category 8
6369,Category 8
6372,Category 8
6558,Category 8
6564,Category 8
6565,Category 8
6566,Category 8
6569,Category 8
6570,Category 8
6808,Category 8
6891,Category 8
6894,Category 8
6901,Category 8
6986,Category 8
7276,Category 8
7277,Category 8
7314,Category 8
7315,Category 8
7343,Category 8
7545,Category 8
7549,Category 8
7552,Category 8
7560,Category 8
7569,Category 8
7574,Category 8
7578,Category 8
7579,Category 8
7581,Category 8
7583,Category 8
7586,Category 8
7602,Category 8
7743,Category 8
7744,Category 8
7830,Category 8
7832,Category 8
7836,Category 8
7870,Category 8
7893,Category 8
7894,Category 8
7896,Category 8
7897,Category 8
7900,Category 8
7919,Category 8
7929,Category 8
7931,Category 8
7945,Category 8
7952,Category 8
7959,Category 8
7963,Category 8
7964,Category 8
8071,Category 8
8077,Category 8
8080,Category 8
8081,Category 8
8086,Category 8
8228,Category 8
8337,Category 8
8342,Category 8
8454,Category 8
8512,Category 8
8517,Category 8
8520,Category 8
8522,Category 8
8556,Category 8
8627,Category 8
8633,Category 8
8636,Category 8
8638,Category 8
8639,Category 8
8640,Category 8
8641,Category 8
8644,Category 8
8645,Category 8
8675,Category 8
8677,Category 8
8678,Category 8
8680,Category 8
8753,Category 8
8754,Category 8
8756,Category 8
8758,Category 8
8759,Category 8
8760,Category 8
8761,Category 8
8762,Category 8
8764,Category 8
8767,Category 8
8769,Category 8
8772,Category 8
8775,Category 8
8805,Category 8
9279,Category 8
9282,Category 8
9283,Category 8
9284,Category 8
9287,Category 8
9294,Category 8
9295,Category 8
9296,Category 8
9301,Category 8
9302,Category 8
9304,Category 8
9308,Category 8
9311,Category 8
9319,Category 8
9400,Category 8
9404,Category 8
9405,Category 8
9406,Category 8
9419,Category 8
9420,Category 8
9421,Category 8
9424,Category 8
9467,Category 8
9489,Category 8
9492,Category 8
9493,Category 8
9494,Category 8
9566,Category 8
9567,Category 8
9568,Category 8
9577,Category 8
9583,Category 8
9667,Category 8
9671,Category 8
9673,Category 8
9678,Category 8
9679,Category 8
9691,Category 8
9692,Category 8
9698,Category 8
9700,Category 8
9703,Category 8
9706,Category 8
9707,Category 8
9709,Category 8
9714,Category 8
9855,Category 8
10247,Category 8
10250,Category 8
10294,Category 8
10332,Category 8
10335,Category 8
10336,Category 8
10337,Category 8
10342,Category 8
10344,Category 8
10345,Category 8
10346,Category 8
10492,Category 8
10494,Category 8
10497,Category 8
10503,Category 8
10529,Category 8
10531,Category 8
10803,Category 8
10804,Category 8
10808,Category 8
10809,Category 8
10810,Category 8
10827,Category 8
10833,Category 8
10837,Category 8
10840,Category 8
10841,Category 8
10842,Category 8
10843,Category 8
10857,Category 8
11128,Category 8
11130,Category 8
11135,Category 8
11409,Category 8
11411,Category 8
11413,Category 8
11414,Category 8
11430,Category 8
11528,Category 8
11549,Category 8
11550,Category 8
11551,Category 8
11581,Category 8
11582,Category 8
11583,Category 8
11584,Category 8
11598,Category 8
11601,Category 8
11606,Category 8
11608,Category 8
11609,Category 8
11763,Category 8
11791,Category 8
11802,Category 8
11804,Category 8
11824,Category 8
11826,Category 8
11827,Category 8
11851,Category 8
11856,Category 8
11861,Category 8
11864,Category 8
11869,Category 8
11871,Category 8
11875,Category 8
11876,Category 8
11882,Category 8
11890,Category 8
11895,Category 8
11982,Category 8
12009,Category 8
12011,Category 8
12013,Category 8
12075,Category 8
12078,Category 8
12079,Category 8
12159,Category 8
12170,Category 8
12341,Category 8
12348,Category 8
12352,Category 8
12354,Category 8
12485,Category 8
12486,Category 8
12488,Category 8
12489,Category 8
12833,Category 8
12881,Category 8
12885,Category 8
12901,Category 8
12904,Category 8
12915,Category 8
12917,Category 8
12945,Category 8
13076,Category 8
13078,Category 8
13079,Category 8
13082,Category 8
13107,Category 8
13108,Category 8
13109,Category 8
13112,Category 8
13335,Category 8
13337,Category 8
13350,Category 8
13408,Category 8
13427,Category 8
13430,Category 8
13442,Category 8
13444,Category 8
13445,Category 8
13464,Category 8
13492,Category 8
13539,Category 8
13545,Category 8
13655,Category 8
13676,Category 8
13735,Category 8
13739,Category 8
13760,Category 8
13762,Category 8
13834,Category 8
13907,Category 8
13914,Category 8
13915,Category 8
13920,Category 8
13921,Category 8
13923,Category 8
13995,Category 8
14120,Category 8
14122,Category 8
14135,Category 8
14156,Category 8
14161,Category 8
14194,Category 8
14195,Category 8
14202,Category 8
14204,Category 8
14233,Category 8
14234,Category 8
14473,Category 8
14526,Category 8
14594,Category 8
14650,Category 8
14655,Category 8
14656,Category 8
14657,Category 8
14660,Category 8
14663,Category 8
14665,Category 8
14671,Category 8
14728,Category 8
14882,Category 8
14891,Category 8
14893,Category 8
14894,Category 8
14903,Category 8
14905,Category 8
14906,Category 8
14912,Category 8
14914,Category 8
14926,Category 8
14933,Category 8
14958,Category 8
14970,Category 8
14976,Category 8
14978,Category 8
14995,Category 8
14997,Category 8
15010,Category 8
15012,Category 8
15014,Category 8
15017,Category 8
15018,Category 8
15024,Category 8
15030,Category 8
15032,Category 8
15035,Category 8
15036,Category 8
15041,Category 8
15043,Category 8
15049,Category 8
15053,Category 8
15055,Category 8
15110,Category 8
15119,Category 8
15134,Category 8
15136,Category 8
15141,Category 8
15167,Category 8
15168,Category 8
15196,Category 8
15200,Category 8
15208,Category 8
15232,Category 8
15237,Category 8
15242,Category 8
15246,Category 8
15251,Category 8
15255,Category 8
15257,Category 8
15342,Category 8
15346,Category 8
15366,Category 8
15371,Category 8
15382,Category 8
15387,Category 8
15393,Category 8
15395,Category 8
15399,Category 8
15401,Category 8
15402,Category 8
15404,Category 8
15406,Category 8
15465,Category 8
15467,Category 8
15479,Category 8
15481,Category 8
15482,Category 8
15486,Category 8
15497,Category 8
15499,Category 8
15506,Category 8
15507,Category 8
15512,Category 8
15516,Category 8
15520,Category 8
15544,Category 8
15550,Category 8
15554,Category 8
15556,Category 8
15561,Category 8
15591,Category 8
15593,Category 8
15616,Category 8
15618,Category 8
15621,Category 8
15623,Category 8
15637,Category 8
15643,Category 8
15644,Category 8
15654,Category 8
15656,Category 8
15678,Category 8
15685,Category 8
15698,Category 8
15705,Category 8
15715,Category 8
15719,Category 8
15725,Category 8
15727,Category 8
15728,Category 8
15734,Category 8
15740,Category 8
15741,Category 8
15743,Category 8
15745,Category 8
15758,Category 8
15760,Category 8
15764,Category 8
15766,Category 8
15771,Category 8
15781,Category 8
15784,Category 8
15788,Category 8
15807,Category 8
15809,Category 8
15846,Category 8
15850,Category 8
15852,Category 8
15868,Category 8
15873,Category 8
15874,Category 8
15881,Category 8
15885,Category 8
15892,Category 8
15897,Category 8
15901,Category 8
15914,Category 8
15920,Category 8
15929,Category 8
15932,Category 8
15933,Category 8
15939,Category 8
15954,Category 8
15971,Category 8
15972,Category 8
15979,Category 8
15984,Category 8
15986,Category 8
15988,Category 8
15994,Category 8
16001,Category 8
16004,Category 8
16020,Category 8
16026,Category 8
16046,Category 8
16052,Category 8
16058,Category 8
16060,Category 8
16065,Category 8
16067,Category 8
16071,Category 8
16080,Category 8
16091,Category 8
16096,Category 8
16099,Category 8
16101,Category 8
16114,Category 8
16116,Category 8
16118,Category 8
16120,Category 8
16161,Category 8
16347,Category 8
16348,Category 8
16350,Category 8
16461,Category 8
16476,Category 8
16481,Category 8
16515,Category 8
16639,Category 8
16640,Category 8
16877,Category 8
16897,Category 8
16914,Category 8
16919,Category 8
16926,Category 8
16936,Category 8
16953,Category 8
16957,Category 8
16959,Category 8
16966,Category 8
16970,Category 8
16978,Category 8
16980,Category 8
16987,Category 8
17004,Category 8
17009,Category 8
17013,Category 8
17020,Category 8
17025,Category 8
17031,Category 8
17043,Category 8
17070,Category 8
17078,Category 8
17089,Category 8
17108,Category 8
17123,Category 8
17129,Category 8
17133,Category 8
17179,Category 8
17250,Category 8
17251,Category 8
17258,Category 8
19683,Category 8
19689,Category 8
19691,Category 8
19696,Category 8
19766,Category 8
19773,Category 8
19774,Category 8
19778,Category 8
19782,Category 8
19788,Category 8
19795,Category 8
19797,Category 8
19798,Category 8
19800,Category 8
19805,Category 8
19807,Category 8
19814,Category 8
19815,Category 8
19816,Category 8
19822,Category 8
19824,Category 8
19826,Category 8
19827,Category 8
19828,Category 8
19831,Category 8
19834,Category 8
19842,Category 8
19845,Category 8
19846,Category 8
19848,Category 8
19849,Category 8
19850,Category 8
19851,Category 8
19858,Category 8
19859,Category 8
19862,Category 8
19864,Category 8
19867,Category 8
19874,Category 8
19876,Category 8
19880,Category 8
19882,Category 8
19887,Category 8
19889,Category 8
19894,Category 8
19896,Category 8
19897,Category 8
19903,Category 8
19904,Category 8
19905,Category 8
19906,Category 8
19921,Category 8
19923,Category 8
19924,Category 8
19931,Category 8
19932,Category 8
19934,Category 8
19942,Category 8
19943,Category 8
19946,Category 8
19953,Category 8
19955,Category 8
19956,Category 8
19957,Category 8
19958,Category 8
19959,Category 8
19964,Category 8
19968,Category 8
19971,Category 8
19982,Category 8
19985,Category 8
19987,Category 8
19993,Category 8
19995,Category 8
19996,Category 8
19997,Category 8
20011,Category 8
20012,Category 8
20013,Category 8
20015,Category 8
20016,Category 8
20020,Category 8
20025,Category 8
20026,Category 8
20027,Category 8
20030,Category 8
20033,Category 8
20034,Category 8
20039,Category 8
20042,Category 8
20045,Category 8
20048,Category 8
20049,Category 8
20051,Category 8
20052,Category 8
20053,Category 8
20054,Category 8
20057,Category 8
20061,Category 8
20064,Category 8
20067,Category 8
20068,Category 8
20069,Category 8
20079,Category 8
20080,Category 8
20084,Category 8
20100,Category 8
20101,Category 8
20108,Category 8
20110,Category 8
20113,Category 8
20114,Category 8
20117,Category 8
20118,Category 8
20123,Category 8
20131,Category 8
20132,Category 8
20137,Category 8
20140,Category 8
20142,Category 8
20145,Category 8
20155,Category 8
20157,Category 8
20167,Category 8
20168,Category 8
20174,Category 8
20175,Category 8
20178,Category 8
20181,Category 8
20185,Category 8
20187,Category 8
20188,Category 8
20193,Category 8
20198,Category 8
20202,Category 8
20208,Category 8
20209,Category 8
20212,Category 8
20214,Category 8
20217,Category 8
20218,Category 8
20222,Category 8
20223,Category 8
20225,Category 8
20227,Category 8
20229,Category 8
20234,Category 8
20237,Category 8
20241,Category 8
20247,Category 8
20252,Category 8
20256,Category 8
20258,Category 8
20260,Category 8
20267,Category 8
20272,Category 8
20274,Category 8
20279,Category 8
20285,Category 8
20289,Category 8
20290,Category 8
20294,Category 8
20297,Category 8
20299,Category 8
20300,Category 8
20310,Category 8
20318,Category 8
20321,Category 8
20322,Category 8
20323,Category 8
20333,Category 8
20334,Category 8
20335,Category 8
20338,Category 8
20339,Category 8
20341,Category 8
20342,Category 8
20344,Category 8
20349,Category 8
20352,Category 8
20359,Category 8
20361,Category 8
20364,Category 8
20366,Category 8
20371,Category 8
20376,Category 8
20378,Category 8
20379,Category 8
20380,Category 8
20384,Category 8
20385,Category 8
20391,Category 8
20393,Category 8
20395,Category 8
20397,Category 8
20682,Category 8
20784,Category 8
20923,Category 8
20959,Category 8
20997,Category 8
21035,Category 8
21097,Category 8
21182,Category 8
21282,Category 8
21433,Category 8
21556,Category 8
21559,Category 8
21561,Category 8
21563,Category 8
21763,Category 8
21770,Category 8
21890,Category 8
21891,Category 8
21893,Category 8
21912,Category 8
21915,Category 8
21917,Category 8
21945,Category 8
22082,Category 8
22084,Category 8
22094,Category 8
22096,Category 8
22199,Category 8
22302,Category 8
22303,Category 8
22306,Category 8
22307,Category 8
22325,Category 8
22378,Category 8
22379,Category 8
22380,Category 8
22381,Category 8
22382,Category 8
22383,Category 8
22384,Category 8
22385,Category 8
22386,Category 8
22387,Category 8
22390,Category 8
22403,Category 8
27430,Category 8
27431,Category 8
27432,Category 8
27433,Category 8
27434,Category 8
27438,Category 8
27459,Category 8
27464,Category 8
27468,Category 8
27469,Category 8
279,Category 9
809,Category 9
1218,Category 9
1579,Category 9
2206,Category 9
2575,Category 9
2576,Category 9
2823,Category 9
2824,Category 9
2879,Category 9
3163,Category 9
3974,Category 9
3975,Category 9
3976,Category 9
3977,Category 9
3979,Category 9
3980,Category 9
3981,Category 9
3982,Category 9
3987,Category 9
3988,Category 9
4147,Category 9
4211,Category 9
4660,Category 9
4822,Category 9
4927,Category 9
5105,Category 9
5106,Category 9
5108,Category 9
5109,Category 9
5143,Category 9
5192,Category 9
6964,Category 9
7269,Category 9
7934,Category 9
8412,Category 9
8570,Category 9
8571,Category 9
8572,Category 9
8591,Category 9
8594,Category 9
8596,Category 9
8598,Category 9
8600,Category 9
8601,Category 9
8602,Category 9
9196,Category 9
11502,Category 9
11767,Category 9
12421,Category 9
12953,Category 9
13414,Category 9
13485,Category 9
13486,Category 9
13837,Category 9
13838,Category 9
13839,Category 9
13840,Category 9
14783,Category 9
20690,Category 9
20697,Category 9
20728,Category 9
20770,Category 9
20839,Category 9
20868,Category 9
20993,Category 9
21005,Category 9
21058,Category 9
21105,Category 9
21106,Category 9
21115,Category 9
21198,Category 9
21257,Category 9
719,Category 10
720,Category 10
721,Category 10
775,Category 10
839,Category 10
840,Category 10
2117,Category 10
3273,Category 10
3284,Category 10
3285,Category 10
3313,Category 10
3405,Category 10
3614,Category 10
3999,Category 10
4686,Category 10
5278,Category 10
6741,Category 10
6742,Category 10
6909,Category 10
7043,Category 10
7611,Category 10
7613,Category 10
7615,Category 10
7746,Category 10
8108,Category 10
8880,Category 10
8883,Category 10
9606,Category 10
9607,Category 10
10849,Category 10
11423,Category 10
11424,Category 10
11769,Category 10
12047,Category 10
12080,Category 10
12261,Category 10
12921,Category 10
13127,Category 10
14608,Category 10
15002,Category 10
15003,Category 10
15915,Category 10
15916,Category 10
16152,Category 10
16153,Category 10
16154,Category 10
16165,Category 10
16227,Category 10
16229,Category 10
16498,Category 10
17100,Category 10
17639,Category 10
17641,Category 10
17643,Category 10
17644,Category 10
17649,Category 10
17650,Category 10
17657,Category 10
17658,Category 10
17660,Category 10
17661,Category 10
17664,Category 10
17669,Category 10
17673,Category 10
17674,Category 10
17675,Category 10
17677,Category 10
17683,Category 10
18347,Category 10
20606,Category 10
21872,Category 10
